<?xml version="1.0" encoding="UTF-8"?>
<GenRun Id="synth_1" LaunchPart="xc7z020clg484-1" LaunchTime="1605447799">
  <File Type="PA-TCL" Name="wax_wane.tcl"/>
  <File Type="REPORTS-TCL" Name="wax_wane_reports.tcl"/>
  <File Type="RDS-RDS" Name="wax_wane.vds"/>
  <File Type="RDS-UTIL" Name="wax_wane_utilization_synth.rpt"/>
  <File Type="RDS-UTIL-PB" Name="wax_wane_utilization_synth.pb"/>
  <File Type="RDS-DCP" Name="wax_wane.dcp"/>
  <FileSet Name="sources" Type="DesignSrcs" RelSrcDir="$PSRCDIR/sources_1">
    <Filter Type="Srcs"/>
    <File Path="$PSRCDIR/sources_1/imports/3PulseWidthModulators/pck_myhdl_011.vhd">
      <FileInfo>
        <Attr Name="ImportPath" Val="D:/Dokumenty/Pulpit/Studia/rok4/ESL/Tutorials/3PulseWidthModulators/pck_myhdl_011.vhd"/>
        <Attr Name="ImportTime" Val="1605371707"/>
        <Attr Name="UsedIn" Val="synthesis"/>
        <Attr Name="UsedIn" Val="simulation"/>
      </FileInfo>
    </File>
    <File Path="$PSRCDIR/sources_1/imports/3PulseWidthModulators/wax_wane.vhd">
      <FileInfo>
        <Attr Name="ImportPath" Val="D:/Dokumenty/Pulpit/Studia/rok4/ESL/Tutorials/3PulseWidthModulators/wax_wane.vhd"/>
        <Attr Name="ImportTime" Val="1605371707"/>
        <Attr Name="UsedIn" Val="synthesis"/>
        <Attr Name="UsedIn" Val="simulation"/>
      </FileInfo>
    </File>
    <Config>
      <Option Name="DesignMode" Val="RTL"/>
      <Option Name="TopModule" Val="wax_wane"/>
      <Option Name="TopAutoSet" Val="TRUE"/>
    </Config>
  </FileSet>
  <FileSet Name="constrs_in" Type="Constrs" RelSrcDir="$PSRCDIR/constrs_1">
    <Filter Type="Constrs"/>
    <File Path="$PSRCDIR/constrs_1/new/pinout.xdc">
      <FileInfo>
        <Attr Name="ImportPath" Val="D:/Dokumenty/Pulpit/Studia/rok4/ESL/Tutorials/Vivado/PWM/pwm.srcs/constrs_1/new/pinout.xdc"/>
        <Attr Name="ImportTime" Val="1605447779"/>
        <Attr Name="UsedIn" Val="synthesis"/>
        <Attr Name="UsedIn" Val="implementation"/>
      </FileInfo>
    </File>
    <Config>
      <Option Name="TargetConstrsFile" Val="$PSRCDIR/constrs_1/new/pinout.xdc"/>
      <Option Name="ConstrsType" Val="XDC"/>
    </Config>
  </FileSet>
  <FileSet Name="utils" Type="Utils" RelSrcDir="$PSRCDIR/utils_1">
    <Filter Type="Utils"/>
    <Config>
      <Option Name="TopAutoSet" Val="TRUE"/>
    </Config>
  </FileSet>
  <Strategy Version="1" Minor="2">
    <StratHandle Name="Vivado Synthesis Defaults" Flow="Vivado Synthesis 2020"/>
    <Step Id="synth_design"/>
  </Strategy>
</GenRun>
